[{"user_id":1,"username":"khibling0","email":"eandryushin0@redcross.org","password":"sG3)bP8&meI","phone_number":"403-807-8609"},
{"user_id":2,"username":"sglassopp1","email":"cburley1@mediafire.com","password":"rD6&w=\"b1U\"4%@z","phone_number":"272-268-4252"},
{"user_id":3,"username":"lewbank2","email":"gpywell2@bing.com","password":"aK1.2qf0Ua3","phone_number":"950-962-4443"},
{"user_id":4,"username":"jbyne3","email":"lthwaites3@statcounter.com","password":"sA9(n,2D6","phone_number":"738-170-6798"},
{"user_id":5,"username":"ahalsey4","email":"dpawlicki4@toplist.cz","password":"fE0/DAU=O","phone_number":"434-516-1222"},
{"user_id":6,"username":"apaternoster5","email":"emacgowing5@google.co.uk","password":"hM1#*s_Mr\\","phone_number":"827-837-1189"},
{"user_id":7,"username":"bzucker6","email":"belsmor6@huffingtonpost.com","password":"lH6#F\"PG1OgA?nT","phone_number":"956-776-5481"},
{"user_id":8,"username":"wflukes7","email":"bbosse7@examiner.com","password":"hD5(k7XbBFN2n`","phone_number":"512-215-9986"},
{"user_id":9,"username":"tcornfield8","email":"asnelgar8@lycos.com","password":"zF6@q`UxAtd?r!","phone_number":"887-503-9186"},
{"user_id":10,"username":"jgebhard9","email":"acoalburn9@apple.com","password":"uS4#G,+k&uC","phone_number":"120-296-1019"},
{"user_id":11,"username":"eciccarellia","email":"cdarkinsa@prnewswire.com","password":"xG6')kjFgoy\"h3U?","phone_number":"935-405-5650"},
{"user_id":12,"username":"bchuggb","email":"jwalesab@behance.net","password":"sH3_j7iv","phone_number":"601-697-1416"},
{"user_id":13,"username":"jbyramc","email":"mpieterc@state.gov","password":"wS0#cRh%xE}7_Y!","phone_number":"377-646-3000"},
{"user_id":14,"username":"ajoscelind","email":"esigertd@ning.com","password":"jX7$eJ6s7MJ9","phone_number":"493-714-8238"},
{"user_id":15,"username":"gglennone","email":"ydoblee@cam.ac.uk","password":"jC7#KG&hRwv!9sR?","phone_number":"972-189-4181"}]