[
	{
		"list": 3,
		"name": "Quail Nieves",
		"email": "magna.malesuada@google.edu",
		"phone": "(423) 865-8283",
		"country": "Germany",
		"region": "Kaluga Oblast",
		"postalZip": "18192"
	},
	{
		"list": 1,
		"name": "Morgan Wagner",
		"email": "sit.amet@outlook.com",
		"phone": "1-706-562-2715",
		"country": "Italy",
		"region": "Baja California",
		"postalZip": "62471"
	},
	{
		"list": 5,
		"name": "Kim Tucker",
		"email": "dignissim.tempor@yahoo.org",
		"phone": "(353) 313-4614",
		"country": "Ukraine",
		"region": "North Island",
		"postalZip": "27-722"
	},
	{
		"list": 5,
		"name": "Benedict Byers",
		"email": "diam@outlook.edu",
		"phone": "(323) 437-1483",
		"country": "New Zealand",
		"region": "North West",
		"postalZip": "789151"
	},
	{
		"list": 11,
		"name": "Ila Camacho",
		"email": "commodo.ipsum@outlook.com",
		"phone": "(610) 631-8635",
		"country": "South Africa",
		"region": "An Giang",
		"postalZip": "37-28"
	},
	{
		"list": 19,
		"name": "Levi Cox",
		"email": "ullamcorper.magna@aol.com",
		"phone": "(623) 133-4140",
		"country": "Costa Rica",
		"region": "La Libertad",
		"postalZip": "365521"
	},
	{
		"list": 7,
		"name": "Winifred Knox",
		"email": "duis.a@icloud.ca",
		"phone": "(998) 607-3211",
		"country": "France",
		"region": "Nunavut",
		"postalZip": "28858"
	},
	{
		"list": 9,
		"name": "Priscilla Snider",
		"email": "nunc.mauris@google.org",
		"phone": "(281) 217-2043",
		"country": "France",
		"region": "Tasmania",
		"postalZip": "86-007"
	},
	{
		"list": 11,
		"name": "Samuel Hardin",
		"email": "pharetra@icloud.couk",
		"phone": "(613) 741-1846",
		"country": "Germany",
		"region": "South Australia",
		"postalZip": "6713 IS"
	},
	{
		"list": 7,
		"name": "Benjamin Lara",
		"email": "et.magna@icloud.net",
		"phone": "1-798-377-5654",
		"country": "South Africa",
		"region": "Cesar",
		"postalZip": "16613-77363"
	},
	{
		"list": 9,
		"name": "Armando Salinas",
		"email": "dignissim.magna.a@protonmail.com",
		"phone": "1-952-762-4843",
		"country": "Netherlands",
		"region": "Limpopo",
		"postalZip": "40166"
	},
	{
		"list": 11,
		"name": "Daniel Houston",
		"email": "mauris@icloud.couk",
		"phone": "(678) 202-8289",
		"country": "Ukraine",
		"region": "Kirovohrad oblast",
		"postalZip": "59646"
	},
	{
		"list": 19,
		"name": "Tamekah Branch",
		"email": "erat@google.edu",
		"phone": "(837) 743-0934",
		"country": "United Kingdom",
		"region": "Noord Holland",
		"postalZip": "58768-263"
	},
	{
		"list": 19,
		"name": "Felix Norman",
		"email": "per@aol.couk",
		"phone": "1-418-186-1137",
		"country": "Chile",
		"region": "Liguria",
		"postalZip": "32397"
	},
	{
		"list": 11,
		"name": "Arthur Fleming",
		"email": "donec.felis.orci@aol.com",
		"phone": "(526) 348-8134",
		"country": "Spain",
		"region": "Principado de Asturias",
		"postalZip": "693881"
	},
	{
		"list": 1,
		"name": "Zachary Sims",
		"email": "duis@yahoo.net",
		"phone": "(629) 311-9104",
		"country": "Peru",
		"region": "Alajuela",
		"postalZip": "434543"
	},
	{
		"list": 5,
		"name": "Kim Gill",
		"email": "et.malesuada@google.edu",
		"phone": "(155) 698-1129",
		"country": "South Africa",
		"region": "Paraíba",
		"postalZip": "83152-360"
	},
	{
		"list": 7,
		"name": "Ivy Morgan",
		"email": "amet@icloud.edu",
		"phone": "(188) 585-9908",
		"country": "Norway",
		"region": "Hải Phòng",
		"postalZip": "4824 CY"
	},
	{
		"list": 13,
		"name": "Price Chandler",
		"email": "libero.nec.ligula@outlook.ca",
		"phone": "1-983-145-8439",
		"country": "South Korea",
		"region": "Prince Edward Island",
		"postalZip": "39241"
	},
	{
		"list": 19,
		"name": "Nita Sweet",
		"email": "est.nunc.laoreet@icloud.couk",
		"phone": "(680) 126-1138",
		"country": "Russian Federation",
		"region": "Auvergne",
		"postalZip": "418197"
	}
]